drug,label,organization,variant,data_source
simeprevir,Informative PGx,FDA,rs12979860,drug_label
ponatinib,Testing required,FDA,rs121913459,drug_label
efavirenz,Actionable PGx,FDA,CYP2B6*6,drug_label
telaprevir,Actionable PGx,FDA,rs12979860,drug_label
trametinib,Testing required,FDA,rs113488022,drug_label
vemurafenib,Testing required,FDA,rs113488022,drug_label
irinotecan,Actionable PGx,FDA,UGT1A1*28,drug_label
pembrolizumab,Informative PGx,FDA,rs113488022,drug_label
erlotinib,Testing required,FDA,rs121434568,drug_label
gefitinib,Testing required,FDA,rs121434568,drug_label
rosuvastatin,Actionable PGx,FDA,rs4149056,drug_label
boceprevir,Informative PGx,FDA,rs12979860,drug_label
afatinib,Testing required,FDA,rs121434568,drug_label
peginterferon alfa-2b,Actionable PGx,FDA,rs12979860,drug_label
ivacaftor,Testing required,FDA,rs113993958,drug_label
ivacaftor,Testing required,FDA,rs115545701,drug_label
ivacaftor,Testing required,FDA,rs11971167,drug_label
ivacaftor,Testing required,FDA,rs121908752,drug_label
ivacaftor,Testing required,FDA,rs121908753,drug_label
ivacaftor,Testing required,FDA,rs121908755,drug_label
ivacaftor,Testing required,FDA,rs121908757,drug_label
ivacaftor,Testing required,FDA,rs121909013,drug_label
ivacaftor,Testing required,FDA,rs121909020,drug_label
ivacaftor,Testing required,FDA,rs121909041,drug_label
ivacaftor,Testing required,FDA,rs141033578,drug_label
ivacaftor,Testing required,FDA,rs150212784,drug_label
ivacaftor,Testing required,FDA,rs186045772,drug_label
ivacaftor,Testing required,FDA,rs193922525,drug_label
ivacaftor,Testing required,FDA,rs200321110,drug_label
ivacaftor,Testing required,FDA,rs202179988,drug_label
ivacaftor,Testing required,FDA,rs267606723,drug_label
ivacaftor,Testing required,FDA,rs368505753,drug_label
ivacaftor,Testing required,FDA,rs397508256,drug_label
ivacaftor,Testing required,FDA,rs397508288,drug_label
ivacaftor,Testing required,FDA,rs397508387,drug_label
ivacaftor,Testing required,FDA,rs397508442,drug_label
ivacaftor,Testing required,FDA,rs397508513,drug_label
ivacaftor,Testing required,FDA,rs397508537,drug_label
ivacaftor,Testing required,FDA,rs397508761,drug_label
ivacaftor,Testing required,FDA,rs74503330,drug_label
ivacaftor,Testing required,FDA,rs74551128,drug_label
ivacaftor,Testing required,FDA,rs75039782,drug_label
ivacaftor,Testing required,FDA,rs75527207,drug_label
ivacaftor,Testing required,FDA,rs75541969,drug_label
ivacaftor,Testing required,FDA,rs76151804,drug_label
ivacaftor,Testing required,FDA,rs77834169,drug_label
ivacaftor,Testing required,FDA,rs77932196,drug_label
ivacaftor,Testing required,FDA,rs78655421,drug_label
ivacaftor,Testing required,FDA,rs78769542,drug_label
ivacaftor,Testing required,FDA,rs80224560,drug_label
ivacaftor,Testing required,FDA,rs80282562,drug_label
abacavir,Testing required,FDA,HLA-B*57:01:01,drug_label
celecoxib,Actionable PGx,FDA,CYP2C9*3,drug_label
raltegravir,Informative PGx,FDA,UGT1A1*28,drug_label
pazopanib,Actionable PGx,FDA,HLA-B*57:01:01,drug_label
pazopanib,Actionable PGx,FDA,UGT1A1*28,drug_label
sofosbuvir,Informative PGx,FDA,rs12979860,drug_label
lapatinib,Actionable PGx,FDA,HLA-DQA1*02:01,drug_label
lapatinib,Actionable PGx,FDA,HLA-DRB1*07:01:01:01,drug_label
nivolumab,Informative PGx,FDA,rs113488022,drug_label
elagolix,Actionable PGx,FDA,rs4149056,drug_label
dacomitinib,Testing required,FDA,rs121434568,drug_label
fosphenytoin,Actionable PGx,FDA,HLA-B*15:02:01,drug_label
ipilimumab,Informative PGx,FDA,HLA-A*02:01,drug_label
sofosbuvir,Informative PGx,FDA,rs12979860,drug_label
erdafitinib,Actionable PGx,FDA,CYP2C9*3,drug_label
binimetinib,Testing required,FDA,rs113488022,drug_label
ivacaftor,Testing required,FDA,rs113993958,drug_label
ivacaftor,Testing required,FDA,rs113993960,drug_label
ivacaftor,Testing required,FDA,rs115545701,drug_label
ivacaftor,Testing required,FDA,rs11971167,drug_label
ivacaftor,Testing required,FDA,rs121908752,drug_label
ivacaftor,Testing required,FDA,rs121908753,drug_label
ivacaftor,Testing required,FDA,rs121909020,drug_label
ivacaftor,Testing required,FDA,rs141033578,drug_label
ivacaftor,Testing required,FDA,rs150212784,drug_label
ivacaftor,Testing required,FDA,rs186045772,drug_label
ivacaftor,Testing required,FDA,rs202179988,drug_label
ivacaftor,Testing required,FDA,rs368505753,drug_label
ivacaftor,Testing required,FDA,rs397508256,drug_label
ivacaftor,Testing required,FDA,rs397508288,drug_label
ivacaftor,Testing required,FDA,rs397508387,drug_label
ivacaftor,Testing required,FDA,rs397508442,drug_label
ivacaftor,Testing required,FDA,rs397508513,drug_label
ivacaftor,Testing required,FDA,rs397508537,drug_label
ivacaftor,Testing required,FDA,rs397508759,drug_label
ivacaftor,Testing required,FDA,rs397508761,drug_label
ivacaftor,Testing required,FDA,rs74551128,drug_label
ivacaftor,Testing required,FDA,rs75039782,drug_label
ivacaftor,Testing required,FDA,rs75541969,drug_label
ivacaftor,Testing required,FDA,rs76151804,drug_label
ivacaftor,Testing required,FDA,rs77834169,drug_label
ivacaftor,Testing required,FDA,rs77932196,drug_label
ivacaftor,Testing required,FDA,rs113993960,drug_label
meloxicam,Actionable PGx,FDA,CYP2C9*2,drug_label
meloxicam,Actionable PGx,FDA,CYP2C9*3,drug_label
elexacaftor,Testing required,FDA,rs113993960,drug_label
elexacaftor,Testing required,FDA,rs199826652,drug_label
cobimetinib,Testing required,FDA,rs113488022,drug_label
dabrafenib,Testing required,FDA,rs113488022,drug_label
encorafenib,Testing required,FDA,rs113488022,drug_label
osimertinib,Testing required,FDA,rs121434568,drug_label
osimertinib,Testing required,FDA,rs121434569,drug_label
oxcarbazepine,Testing recommended,FDA,HLA-B*15:02:01,drug_label
siponimod,Testing required,FDA,CYP2C9*2,drug_label
siponimod,Testing required,FDA,CYP2C9*3,drug_label
ibrutinib,Informative PGx,FDA,rs387907272,drug_label
sacituzumab govitecan-hziy,Actionable PGx,FDA,UGT1A1*28,drug_label
allopurinol,Testing recommended,FDA,HLA-B*58:01,drug_label
pralsetinib,Testing required,FDA,rs74799832,drug_label
pralsetinib,Testing required,FDA,rs77709286,drug_label
warfarin,Actionable PGx,FDA,CYP2C9*1,drug_label
warfarin,Actionable PGx,FDA,CYP2C9*2,drug_label
warfarin,Actionable PGx,FDA,CYP2C9*3,drug_label
warfarin,Actionable PGx,FDA,rs9923231,drug_label
phenytoin,Actionable PGx,FDA,HLA-B*15:02:01,drug_label
atezolizumab,Testing required,FDA,rs113488022,drug_label
sotorasib,Testing required,FDA,rs121913530,drug_label
